,Age,SibSp,Parch,Fare,Cabin_No,Cabin_Yes,Embarked_C,Embarked_Q,Embarked_S,Sex_female,Sex_male,Pclass_1,Pclass_2,Pclass_3,Survived_0,Survived_1
0,22.0,1,0,7.25,1,0,0,0,1,0,1,0,0,1,1,0
1,38.0,1,0,71.2833,0,1,1,0,0,1,0,1,0,0,0,1
2,26.0,0,0,7.925,1,0,0,0,1,1,0,0,0,1,0,1
3,35.0,1,0,53.1,0,1,0,0,1,1,0,1,0,0,0,1
4,35.0,0,0,8.05,1,0,0,0,1,0,1,0,0,1,1,0
5,23.838952586083504,0,0,8.4583,1,0,0,1,0,0,1,0,0,1,1,0
6,54.0,0,0,51.8625,0,1,0,0,1,0,1,1,0,0,1,0
7,2.0,3,1,21.075,1,0,0,0,1,0,1,0,0,1,1,0
8,27.0,0,2,11.1333,1,0,0,0,1,1,0,0,0,1,0,1
9,14.0,1,0,30.0708,1,0,1,0,0,1,0,0,1,0,0,1
10,4.0,1,1,16.7,0,1,0,0,1,1,0,0,0,1,0,1
11,58.0,0,0,26.55,0,1,0,0,1,1,0,1,0,0,0,1
12,20.0,0,0,8.05,1,0,0,0,1,0,1,0,0,1,1,0
13,39.0,1,5,31.275,1,0,0,0,1,0,1,0,0,1,1,0
14,14.0,0,0,7.8542,1,0,0,0,1,1,0,0,0,1,1,0
15,55.0,0,0,16.0,1,0,0,0,1,1,0,0,1,0,0,1
16,2.0,4,1,29.125,1,0,0,1,0,0,1,0,0,1,1,0
17,32.06649305006158,0,0,13.0,1,0,0,0,1,0,1,0,1,0,0,1
18,31.0,1,0,18.0,1,0,0,0,1,1,0,0,0,1,1,0
19,29.51820514208015,0,0,7.225,1,0,1,0,0,1,0,0,0,1,0,1
20,35.0,0,0,26.0,1,0,0,0,1,0,1,0,1,0,1,0
21,34.0,0,0,13.0,0,1,0,0,1,0,1,0,1,0,0,1
22,15.0,0,0,8.0292,1,0,0,1,0,1,0,0,0,1,0,1
23,28.0,0,0,35.5,0,1,0,0,1,0,1,1,0,0,0,1
24,8.0,3,1,21.075,1,0,0,0,1,1,0,0,0,1,1,0
25,38.0,1,5,31.3875,1,0,0,0,1,1,0,0,0,1,0,1
26,29.51820514208015,0,0,7.225,1,0,1,0,0,0,1,0,0,1,1,0
27,19.0,3,2,263.0,0,1,0,0,1,0,1,1,0,0,1,0
28,22.380113238826777,0,0,7.8792,1,0,0,1,0,1,0,0,0,1,0,1
29,27.947206162930836,0,0,7.8958,1,0,0,0,1,0,1,0,0,1,1,0
30,40.0,0,0,27.7208,1,0,1,0,0,0,1,1,0,0,1,0
31,36.108048222222244,1,0,146.5208,0,1,1,0,0,1,0,1,0,0,0,1
32,35.295824299023515,0,0,7.75,1,0,0,1,0,1,0,0,0,1,0,1
33,66.0,0,0,10.5,1,0,0,0,1,0,1,0,1,0,1,0
34,28.0,1,0,82.1708,1,0,1,0,0,0,1,1,0,0,1,0
35,42.0,1,0,52.0,1,0,0,0,1,0,1,1,0,0,1,0
36,22.876306861888096,0,0,7.2292,1,0,1,0,0,0,1,0,0,1,0,1
37,21.0,0,0,8.05,1,0,0,0,1,0,1,0,0,1,1,0
38,18.0,2,0,18.0,1,0,0,0,1,1,0,0,0,1,1,0
39,14.0,1,0,11.2417,1,0,1,0,0,1,0,0,0,1,0,1
40,40.0,1,0,9.475,1,0,0,0,1,1,0,0,0,1,1,0
41,27.0,1,0,21.0,1,0,0,0,1,1,0,0,1,0,1,0
42,27.947206162930836,0,0,7.8958,1,0,1,0,0,0,1,0,0,1,1,0
43,3.0,1,2,41.5792,1,0,1,0,0,1,0,0,1,0,0,1
44,19.0,0,0,7.8792,1,0,0,1,0,1,0,0,0,1,0,1
45,30.70572677927052,0,0,8.05,1,0,0,0,1,0,1,0,0,1,1,0
46,33.12898535353537,1,0,15.5,1,0,0,1,0,0,1,0,0,1,1,0
47,35.295824299023515,0,0,7.75,1,0,0,1,0,1,0,0,0,1,0,1
48,23.45968333333333,2,0,21.6792,1,0,1,0,0,0,1,0,0,1,1,0
49,18.0,1,0,17.8,1,0,0,0,1,1,0,0,0,1,1,0
50,7.0,4,1,39.6875,1,0,0,0,1,0,1,0,0,1,1,0
51,21.0,0,0,7.8,1,0,0,0,1,0,1,0,0,1,1,0
52,49.0,1,0,76.7292,0,1,1,0,0,1,0,1,0,0,0,1
53,29.0,1,0,26.0,1,0,0,0,1,1,0,0,1,0,0,1
54,65.0,0,1,61.9792,0,1,1,0,0,0,1,1,0,0,1,0
55,44.064830357142846,0,0,35.5,0,1,0,0,1,0,1,1,0,0,0,1
56,21.0,0,0,10.5,1,0,0,0,1,1,0,0,1,0,0,1
57,28.5,0,0,7.2292,1,0,1,0,0,0,1,0,0,1,1,0
58,5.0,1,2,27.75,1,0,0,0,1,1,0,0,1,0,0,1
59,11.0,5,2,46.9,1,0,0,0,1,0,1,0,0,1,1,0
60,22.0,0,0,7.2292,1,0,1,0,0,0,1,0,0,1,1,0
62,45.0,1,0,83.475,0,1,0,0,1,0,1,1,0,0,1,0
63,4.0,3,2,27.9,1,0,0,0,1,0,1,0,0,1,1,0
64,41.200088477638616,0,0,27.7208,1,0,1,0,0,0,1,1,0,0,1,0
65,17.099915952380954,1,1,15.2458,1,0,1,0,0,0,1,0,0,1,0,1
66,29.0,0,0,10.5,0,1,0,0,1,1,0,0,1,0,0,1
67,19.0,0,0,8.1583,1,0,0,0,1,0,1,0,0,1,1,0
68,17.0,4,2,7.925,1,0,0,0,1,1,0,0,0,1,0,1
69,26.0,2,0,8.6625,1,0,0,0,1,0,1,0,0,1,1,0
70,32.0,0,0,10.5,1,0,0,0,1,0,1,0,1,0,1,0
71,16.0,5,2,46.9,1,0,0,0,1,1,0,0,0,1,1,0
72,21.0,0,0,73.5,1,0,0,0,1,0,1,0,1,0,1,0
73,26.0,1,0,14.4542,1,0,1,0,0,0,1,0,0,1,1,0
74,32.0,0,0,56.4958,1,0,0,0,1,0,1,0,0,1,0,1
75,25.0,0,0,7.65,0,1,0,0,1,0,1,0,0,1,1,0
76,27.947206162930836,0,0,7.8958,1,0,0,0,1,0,1,0,0,1,1,0
77,30.70572677927052,0,0,8.05,1,0,0,0,1,0,1,0,0,1,1,0
78,0.83,0,2,29.0,1,0,0,0,1,0,1,0,1,0,0,1
79,30.0,0,0,12.475,1,0,0,0,1,1,0,0,0,1,0,1
80,22.0,0,0,9.0,1,0,0,0,1,0,1,0,0,1,1,0
81,29.0,0,0,9.5,1,0,0,0,1,0,1,0,0,1,0,1
82,23.322627388583673,0,0,7.7875,1,0,0,1,0,1,0,0,0,1,0,1
83,28.0,0,0,47.1,1,0,0,0,1,0,1,1,0,0,1,0
84,17.0,0,0,10.5,1,0,0,0,1,1,0,0,1,0,0,1
85,33.0,3,0,15.85,1,0,0,0,1,1,0,0,0,1,0,1
86,16.0,1,3,34.375,1,0,0,0,1,0,1,0,0,1,1,0
87,30.70572677927052,0,0,8.05,1,0,0,0,1,0,1,0,0,1,1,0
88,23.0,3,2,263.0,0,1,0,0,1,1,0,1,0,0,0,1
89,24.0,0,0,8.05,1,0,0,0,1,0,1,0,0,1,1,0
90,29.0,0,0,8.05,1,0,0,0,1,0,1,0,0,1,1,0
91,20.0,0,0,7.8542,1,0,0,0,1,0,1,0,0,1,1,0
92,46.0,1,0,61.175,0,1,0,0,1,0,1,1,0,0,1,0
93,26.0,1,2,20.575,1,0,0,0,1,0,1,0,0,1,1,0
94,59.0,0,0,7.25,1,0,0,0,1,0,1,0,0,1,1,0
95,30.70572677927052,0,0,8.05,1,0,0,0,1,0,1,0,0,1,1,0
96,71.0,0,0,34.6542,0,1,1,0,0,0,1,1,0,0,1,0
97,23.0,0,1,63.3583,0,1,1,0,0,0,1,1,0,0,0,1
98,34.0,0,1,23.0,1,0,0,0,1,1,0,0,1,0,0,1
99,34.0,1,0,26.0,1,0,0,0,1,0,1,0,1,0,1,0
100,28.0,0,0,7.8958,1,0,0,0,1,1,0,0,0,1,1,0
101,27.947206162930836,0,0,7.8958,1,0,0,0,1,0,1,0,0,1,1,0
102,21.0,0,1,77.2875,0,1,0,0,1,0,1,1,0,0,1,0
103,33.0,0,0,8.6542,1,0,0,0,1,0,1,0,0,1,1,0
104,37.0,2,0,7.925,1,0,0,0,1,0,1,0,0,1,1,0
105,28.0,0,0,7.8958,1,0,0,0,1,0,1,0,0,1,1,0
106,21.0,0,0,7.65,1,0,0,0,1,1,0,0,0,1,0,1
107,27.51545426285116,0,0,7.775,1,0,0,0,1,0,1,0,0,1,0,1
108,38.0,0,0,7.8958,1,0,0,0,1,0,1,0,0,1,1,0
109,33.55117590897664,1,0,24.15,1,0,0,1,0,1,0,0,0,1,0,1
110,47.0,0,0,52.0,0,1,0,0,1,0,1,1,0,0,1,0
111,14.5,1,0,14.4542,1,0,1,0,0,1,0,0,0,1,1,0
112,22.0,0,0,8.05,1,0,0,0,1,0,1,0,0,1,1,0
113,20.0,1,0,9.825,1,0,0,0,1,1,0,0,0,1,1,0
114,17.0,0,0,14.4583,1,0,1,0,0,1,0,0,0,1,1,0
115,21.0,0,0,7.925,1,0,0,0,1,0,1,0,0,1,1,0
116,70.5,0,0,7.75,1,0,0,1,0,0,1,0,0,1,1,0
117,29.0,1,0,21.0,1,0,0,0,1,0,1,0,1,0,1,0
118,24.0,0,1,247.5208,0,1,1,0,0,0,1,1,0,0,1,0
119,2.0,4,2,31.275,1,0,0,0,1,1,0,0,0,1,1,0
120,21.0,2,0,73.5,1,0,0,0,1,0,1,0,1,0,1,0
121,30.70572677927052,0,0,8.05,1,0,0,0,1,0,1,0,0,1,1,0
122,32.5,1,0,30.0708,1,0,1,0,0,0,1,0,1,0,1,0
123,32.5,0,0,13.0,0,1,0,0,1,1,0,0,1,0,0,1
124,54.0,0,1,77.2875,0,1,0,0,1,0,1,1,0,0,1,0
125,12.0,1,0,11.2417,1,0,1,0,0,0,1,0,0,1,0,1
126,35.295824299023515,0,0,7.75,1,0,0,1,0,0,1,0,0,1,1,0
127,24.0,0,0,7.1417,1,0,0,0,1,0,1,0,0,1,0,1
128,25.78337698412699,1,1,22.3583,0,1,1,0,0,1,0,0,0,1,0,1
129,45.0,0,0,6.975,1,0,0,0,1,0,1,0,0,1,1,0
130,33.0,0,0,7.8958,1,0,1,0,0,0,1,0,0,1,1,0
131,20.0,0,0,7.05,1,0,0,0,1,0,1,0,0,1,1,0
132,47.0,1,0,14.5,1,0,0,0,1,1,0,0,0,1,1,0
133,29.0,1,0,26.0,1,0,0,0,1,1,0,0,1,0,0,1
134,25.0,0,0,13.0,1,0,0,0,1,0,1,0,1,0,1,0
135,23.0,0,0,15.0458,1,0,1,0,0,0,1,0,1,0,1,0
136,19.0,0,2,26.2833,0,1,0,0,1,1,0,1,0,0,0,1
137,37.0,1,0,53.1,0,1,0,0,1,0,1,1,0,0,1,0
138,16.0,0,0,9.2167,1,0,0,0,1,0,1,0,0,1,1,0
139,24.0,0,0,79.2,0,1,1,0,0,0,1,1,0,0,1,0
140,25.344095833333334,0,2,15.2458,1,0,1,0,0,1,0,0,0,1,1,0
141,22.0,0,0,7.75,1,0,0,0,1,1,0,0,0,1,0,1
142,24.0,1,0,15.85,1,0,0,0,1,1,0,0,0,1,0,1
143,19.0,0,0,6.75,1,0,0,1,0,0,1,0,0,1,1,0
144,18.0,0,0,11.5,1,0,0,0,1,0,1,0,1,0,1,0
145,19.0,1,1,36.75,1,0,0,0,1,0,1,0,1,0,1,0
146,27.0,0,0,7.7958,1,0,0,0,1,0,1,0,0,1,0,1
147,9.0,2,2,34.375,1,0,0,0,1,1,0,0,0,1,1,0
148,36.5,0,2,26.0,0,1,0,0,1,0,1,0,1,0,1,0
149,42.0,0,0,13.0,1,0,0,0,1,0,1,0,1,0,1,0
150,51.0,0,0,12.525,1,0,0,0,1,0,1,0,1,0,1,0
151,22.0,1,0,66.6,0,1,0,0,1,1,0,1,0,0,0,1
152,55.5,0,0,8.05,1,0,0,0,1,0,1,0,0,1,1,0
153,40.5,0,2,14.5,1,0,0,0,1,0,1,0,0,1,1,0
154,29.78279612980004,0,0,7.3125,1,0,0,0,1,0,1,0,0,1,1,0
155,51.0,0,1,61.3792,1,0,1,0,0,0,1,1,0,0,1,0
156,16.0,0,0,7.7333,1,0,0,1,0,1,0,0,0,1,0,1
157,30.0,0,0,8.05,1,0,0,0,1,0,1,0,0,1,1,0
158,25.52340334377312,0,0,8.6625,1,0,0,0,1,0,1,0,0,1,1,0
159,10.869866956654464,8,2,69.55,1,0,0,0,1,0,1,0,0,1,1,0
160,44.0,0,1,16.1,1,0,0,0,1,0,1,0,0,1,1,0
161,40.0,0,0,15.75,1,0,0,0,1,1,0,0,1,0,0,1
162,26.0,0,0,7.775,1,0,0,0,1,0,1,0,0,1,1,0
163,17.0,0,0,8.6625,1,0,0,0,1,0,1,0,0,1,1,0
164,1.0,4,1,39.6875,1,0,0,0,1,0,1,0,0,1,1,0
165,9.0,0,2,20.525,1,0,0,0,1,0,1,0,0,1,0,1
166,26.03188214285714,0,1,55.0,0,1,0,0,1,1,0,1,0,0,0,1
167,45.0,1,4,27.9,1,0,0,0,1,1,0,0,0,1,1,0
168,49.554275595238074,0,0,25.925,1,0,0,0,1,0,1,1,0,0,1,0
169,28.0,0,0,56.4958,1,0,0,0,1,0,1,0,0,1,1,0
170,61.0,0,0,33.5,0,1,0,0,1,0,1,1,0,0,1,0
171,4.0,4,1,29.125,1,0,0,1,0,0,1,0,0,1,1,0
172,1.0,1,1,11.1333,1,0,0,0,1,1,0,0,0,1,0,1
173,21.0,0,0,7.925,1,0,0,0,1,0,1,0,0,1,1,0
174,56.0,0,0,30.6958,0,1,1,0,0,0,1,1,0,0,1,0
175,18.0,1,1,7.8542,1,0,0,0,1,0,1,0,0,1,1,0
176,7.309547041847048,3,1,25.4667,1,0,0,0,1,0,1,0,0,1,1,0
177,50.0,0,0,28.7125,0,1,1,0,0,1,0,1,0,0,1,0
178,30.0,0,0,13.0,1,0,0,0,1,0,1,0,1,0,1,0
179,36.0,0,0,0.0,1,0,0,0,1,0,1,0,0,1,1,0
180,10.869866956654464,8,2,69.55,1,0,0,0,1,1,0,0,0,1,1,0
181,31.718940476190475,0,0,15.05,1,0,1,0,0,0,1,0,1,0,1,0
182,9.0,4,2,31.3875,1,0,0,0,1,0,1,0,0,1,1,0
183,1.0,2,1,39.0,0,1,0,0,1,0,1,0,1,0,0,1
184,4.0,0,2,22.025,1,0,0,0,1,1,0,0,0,1,0,1
185,46.2497682359308,0,0,50.0,0,1,0,0,1,0,1,1,0,0,1,0
186,33.12898535353537,1,0,15.5,1,0,0,1,0,1,0,0,0,1,0,1
187,45.0,0,0,26.55,1,0,0,0,1,0,1,1,0,0,0,1
188,40.0,1,1,15.5,1,0,0,1,0,0,1,0,0,1,1,0
189,36.0,0,0,7.8958,1,0,0,0,1,0,1,0,0,1,1,0
190,32.0,0,0,13.0,1,0,0,0,1,1,0,0,1,0,0,1
191,19.0,0,0,13.0,1,0,0,0,1,0,1,0,1,0,1,0
192,19.0,1,0,7.8542,1,0,0,0,1,1,0,0,0,1,0,1
193,3.0,1,1,26.0,0,1,0,0,1,0,1,0,1,0,0,1
194,44.0,0,0,27.7208,0,1,1,0,0,1,0,1,0,0,0,1
195,58.0,0,0,146.5208,0,1,1,0,0,1,0,1,0,0,0,1
196,35.295824299023515,0,0,7.75,1,0,0,1,0,0,1,0,0,1,1,0
197,42.0,0,1,8.4042,1,0,0,0,1,0,1,0,0,1,1,0
198,35.295824299023515,0,0,7.75,1,0,0,1,0,1,0,0,0,1,0,1
199,24.0,0,0,13.0,1,0,0,0,1,1,0,0,1,0,1,0
200,28.0,0,0,9.5,1,0,0,0,1,0,1,0,0,1,1,0
201,10.869866956654464,8,2,69.55,1,0,0,0,1,0,1,0,0,1,1,0
202,34.0,0,0,6.4958,1,0,0,0,1,0,1,0,0,1,1,0
203,45.5,0,0,7.225,1,0,1,0,0,0,1,0,0,1,1,0
204,18.0,0,0,8.05,1,0,0,0,1,0,1,0,0,1,0,1
205,2.0,0,1,10.4625,0,1,0,0,1,1,0,0,0,1,1,0
206,32.0,1,0,15.85,1,0,0,0,1,0,1,0,0,1,1,0
207,26.0,0,0,18.7875,1,0,1,0,0,0,1,0,0,1,0,1
208,16.0,0,0,7.75,1,0,0,1,0,1,0,0,0,1,0,1
209,40.0,0,0,31.0,0,1,1,0,0,0,1,1,0,0,0,1
210,24.0,0,0,7.05,1,0,0,0,1,0,1,0,0,1,1,0
211,35.0,0,0,21.0,1,0,0,0,1,1,0,0,1,0,0,1
212,22.0,0,0,7.25,1,0,0,0,1,0,1,0,0,1,1,0
213,30.0,0,0,13.0,1,0,0,0,1,0,1,0,1,0,1,0
214,31.09342985049901,1,0,7.75,1,0,0,1,0,0,1,0,0,1,1,0
215,31.0,1,0,113.275,0,1,1,0,0,1,0,1,0,0,0,1
216,27.0,0,0,7.925,1,0,0,0,1,1,0,0,0,1,0,1
217,42.0,1,0,27.0,1,0,0,0,1,0,1,0,1,0,1,0
218,32.0,0,0,76.2917,0,1,1,0,0,1,0,1,0,0,0,1
219,30.0,0,0,10.5,1,0,0,0,1,0,1,0,1,0,1,0
220,16.0,0,0,8.05,1,0,0,0,1,0,1,0,0,1,0,1
221,27.0,0,0,13.0,1,0,0,0,1,0,1,0,1,0,1,0
222,51.0,0,0,8.05,1,0,0,0,1,0,1,0,0,1,1,0
223,27.947206162930836,0,0,7.8958,1,0,0,0,1,0,1,0,0,1,1,0
224,38.0,1,0,90.0,0,1,0,0,1,0,1,1,0,0,0,1
225,22.0,0,0,9.35,1,0,0,0,1,0,1,0,0,1,1,0
226,19.0,0,0,10.5,1,0,0,0,1,0,1,0,1,0,0,1
227,20.5,0,0,7.25,1,0,0,0,1,0,1,0,0,1,1,0
228,18.0,0,0,13.0,1,0,0,0,1,0,1,0,1,0,1,0
229,7.309547041847048,3,1,25.4667,1,0,0,0,1,1,0,0,0,1,1,0
230,35.0,1,0,83.475,0,1,0,0,1,1,0,1,0,0,0,1
231,29.0,0,0,7.775,1,0,0,0,1,0,1,0,0,1,1,0
232,59.0,0,0,13.5,1,0,0,0,1,0,1,0,1,0,1,0
233,5.0,4,2,31.3875,1,0,0,0,1,1,0,0,0,1,0,1
234,24.0,0,0,10.5,1,0,0,0,1,0,1,0,1,0,1,0
235,31.10838452380953,0,0,7.55,1,0,0,0,1,1,0,0,0,1,1,0
236,44.0,1,0,26.0,1,0,0,0,1,0,1,0,1,0,1,0
237,8.0,0,2,26.25,1,0,0,0,1,1,0,0,1,0,0,1
238,19.0,0,0,10.5,1,0,0,0,1,0,1,0,1,0,1,0
239,33.0,0,0,12.275,1,0,0,0,1,0,1,0,1,0,1,0
240,20.800154130591647,1,0,14.4542,1,0,1,0,0,1,0,0,0,1,1,0
241,33.12898535353537,1,0,15.5,1,0,0,1,0,1,0,0,0,1,0,1
242,29.0,0,0,10.5,1,0,0,0,1,0,1,0,1,0,1,0
243,22.0,0,0,7.125,1,0,0,0,1,0,1,0,0,1,1,0
244,30.0,0,0,7.225,1,0,1,0,0,0,1,0,0,1,1,0
245,44.0,2,0,90.0,0,1,0,1,0,0,1,1,0,0,1,0
246,25.0,0,0,7.775,1,0,0,0,1,1,0,0,0,1,1,0
247,24.0,0,2,14.5,1,0,0,0,1,1,0,0,1,0,0,1
248,37.0,1,1,52.5542,0,1,0,0,1,0,1,1,0,0,0,1
249,54.0,1,0,26.0,1,0,0,0,1,0,1,0,1,0,1,0
250,29.78279612980004,0,0,7.25,1,0,0,0,1,0,1,0,0,1,1,0
251,29.0,1,1,10.4625,0,1,0,0,1,1,0,0,0,1,1,0
252,62.0,0,0,26.55,0,1,0,0,1,0,1,1,0,0,1,0
253,30.0,1,0,16.1,1,0,0,0,1,0,1,0,0,1,1,0
254,41.0,0,2,20.2125,1,0,0,0,1,1,0,0,0,1,1,0
255,29.0,0,2,15.2458,1,0,1,0,0,1,0,0,0,1,0,1
256,34.62028571428574,0,0,79.2,1,0,1,0,0,1,0,1,0,0,0,1
257,30.0,0,0,86.5,0,1,0,0,1,1,0,1,0,0,0,1
258,35.0,0,0,512.3292,1,0,1,0,0,1,0,1,0,0,0,1
259,50.0,0,1,26.0,1,0,0,0,1,1,0,0,1,0,0,1
260,35.295824299023515,0,0,7.75,1,0,0,1,0,0,1,0,0,1,1,0
261,3.0,4,2,31.3875,1,0,0,0,1,0,1,0,0,1,0,1
262,52.0,1,1,79.65,0,1,0,0,1,0,1,1,0,0,1,0
263,40.0,0,0,0.0,0,1,0,0,1,0,1,1,0,0,1,0
264,35.295824299023515,0,0,7.75,1,0,0,1,0,1,0,0,0,1,1,0
265,36.0,0,0,10.5,1,0,0,0,1,0,1,0,1,0,1,0
266,16.0,4,1,39.6875,1,0,0,0,1,0,1,0,0,1,1,0
267,25.0,1,0,7.775,1,0,0,0,1,0,1,0,0,1,0,1
268,58.0,0,1,153.4625,0,1,0,0,1,1,0,1,0,0,0,1
269,35.0,0,0,135.6333,0,1,0,0,1,1,0,1,0,0,0,1
270,36.87489821428567,0,0,31.0,1,0,0,0,1,0,1,1,0,0,1,0
271,25.0,0,0,0.0,1,0,0,0,1,0,1,0,0,1,0,1
272,41.0,0,1,19.5,1,0,0,0,1,1,0,0,1,0,0,1
273,37.0,0,1,29.7,0,1,1,0,0,0,1,1,0,0,1,0
274,35.295824299023515,0,0,7.75,1,0,0,1,0,1,0,0,0,1,0,1
275,63.0,1,0,77.9583,0,1,0,0,1,1,0,1,0,0,0,1
276,45.0,0,0,7.75,1,0,0,0,1,1,0,0,0,1,1,0
277,35.05181756856165,0,0,0.0,1,0,0,0,1,0,1,0,1,0,1,0
278,7.0,4,1,29.125,1,0,0,1,0,0,1,0,0,1,1,0
279,35.0,1,1,20.25,1,0,0,0,1,1,0,0,0,1,0,1
280,65.0,0,0,7.75,1,0,0,1,0,0,1,0,0,1,1,0
281,28.0,0,0,7.8542,1,0,0,0,1,0,1,0,0,1,1,0
282,16.0,0,0,9.5,1,0,0,0,1,0,1,0,0,1,1,0
283,19.0,0,0,8.05,1,0,0,0,1,0,1,0,0,1,0,1
284,57.74249226190475,0,0,26.0,0,1,0,0,1,0,1,1,0,0,1,0
285,33.0,0,0,8.6625,1,0,1,0,0,0,1,0,0,1,1,0
286,30.0,0,0,9.5,1,0,0,0,1,0,1,0,0,1,0,1
287,22.0,0,0,7.8958,1,0,0,0,1,0,1,0,0,1,1,0
288,42.0,0,0,13.0,1,0,0,0,1,0,1,0,1,0,0,1
289,22.0,0,0,7.75,1,0,0,1,0,1,0,0,0,1,0,1
290,26.0,0,0,78.85,1,0,0,0,1,1,0,1,0,0,0,1
291,19.0,1,0,91.0792,0,1,1,0,0,1,0,1,0,0,0,1
292,36.0,0,0,12.875,0,1,1,0,0,0,1,0,1,0,1,0
293,24.0,0,0,8.85,1,0,0,0,1,1,0,0,0,1,1,0
294,24.0,0,0,7.8958,1,0,0,0,1,0,1,0,0,1,1,0
295,41.200088477638616,0,0,27.7208,1,0,1,0,0,0,1,1,0,0,1,0
296,23.5,0,0,7.2292,1,0,1,0,0,0,1,0,0,1,1,0
297,2.0,1,2,151.55,0,1,0,0,1,1,0,1,0,0,1,0
298,41.574877182539716,0,0,30.5,0,1,0,0,1,0,1,1,0,0,0,1
299,50.0,0,1,247.5208,0,1,1,0,0,1,0,1,0,0,0,1
300,35.295824299023515,0,0,7.75,1,0,0,1,0,1,0,0,0,1,0,1
301,23.31368333333333,2,0,23.25,1,0,0,1,0,0,1,0,0,1,0,1
302,19.0,0,0,0.0,1,0,0,0,1,0,1,0,0,1,1,0
303,42.574515536153044,0,0,12.35,0,1,0,1,0,1,0,0,1,0,0,1
304,30.70572677927052,0,0,8.05,1,0,0,0,1,0,1,0,0,1,1,0
305,0.92,1,2,151.55,0,1,0,0,1,0,1,1,0,0,0,1
306,28.57888392857143,0,0,110.8833,1,0,1,0,0,1,0,1,0,0,0,1
307,17.0,1,0,108.9,0,1,1,0,0,1,0,1,0,0,0,1
308,30.0,1,0,24.0,1,0,1,0,0,0,1,0,1,0,1,0
309,30.0,0,0,56.9292,0,1,1,0,0,1,0,1,0,0,0,1
310,24.0,0,0,83.1583,0,1,1,0,0,1,0,1,0,0,0,1
311,18.0,2,2,262.375,0,1,1,0,0,1,0,1,0,0,0,1
312,26.0,1,1,26.0,1,0,0,0,1,1,0,0,1,0,1,0
313,28.0,0,0,7.8958,1,0,0,0,1,0,1,0,0,1,1,0
314,43.0,1,1,26.25,1,0,0,0,1,0,1,0,1,0,1,0
315,26.0,0,0,7.8542,1,0,0,0,1,1,0,0,0,1,0,1
316,24.0,1,0,26.0,1,0,0,0,1,1,0,0,1,0,0,1
317,54.0,0,0,14.0,1,0,0,0,1,0,1,0,1,0,1,0
318,31.0,0,2,164.8667,0,1,0,0,1,1,0,1,0,0,0,1
319,40.0,1,1,134.5,0,1,1,0,0,1,0,1,0,0,0,1
320,22.0,0,0,7.25,1,0,0,0,1,0,1,0,0,1,1,0
321,27.0,0,0,7.8958,1,0,0,0,1,0,1,0,0,1,1,0
322,30.0,0,0,12.35,1,0,0,1,0,1,0,0,1,0,0,1
323,22.0,1,1,29.0,1,0,0,0,1,1,0,0,1,0,0,1
324,10.869866956654464,8,2,69.55,1,0,0,0,1,0,1,0,0,1,1,0
325,36.0,0,0,135.6333,0,1,1,0,0,1,0,1,0,0,0,1
326,61.0,0,0,6.2375,1,0,0,0,1,0,1,0,0,1,1,0
327,36.0,0,0,13.0,0,1,0,0,1,1,0,0,1,0,0,1
328,31.0,1,1,20.525,1,0,0,0,1,1,0,0,0,1,0,1
329,16.0,0,1,57.9792,0,1,1,0,0,1,0,1,0,0,0,1
330,23.31368333333333,2,0,23.25,1,0,0,1,0,1,0,0,0,1,0,1
331,45.5,0,0,28.5,0,1,0,0,1,0,1,1,0,0,1,0
332,38.0,0,1,153.4625,0,1,0,0,1,0,1,1,0,0,1,0
333,16.0,2,0,18.0,1,0,0,0,1,0,1,0,0,1,1,0
334,31.42587793650797,1,0,133.65,1,0,0,0,1,1,0,1,0,0,0,1
335,27.947206162930836,0,0,7.8958,1,0,0,0,1,0,1,0,0,1,1,0
336,29.0,1,0,66.6,0,1,0,0,1,0,1,1,0,0,1,0
337,41.0,0,0,134.5,0,1,1,0,0,1,0,1,0,0,0,1
338,45.0,0,0,8.05,1,0,0,0,1,0,1,0,0,1,0,1
339,45.0,0,0,35.5,0,1,0,0,1,0,1,1,0,0,1,0
340,2.0,1,1,26.0,0,1,0,0,1,0,1,0,1,0,0,1
341,24.0,3,2,263.0,0,1,0,0,1,1,0,1,0,0,0,1
342,28.0,0,0,13.0,1,0,0,0,1,0,1,0,1,0,1,0
343,25.0,0,0,13.0,1,0,0,0,1,0,1,0,1,0,1,0
344,36.0,0,0,13.0,1,0,0,0,1,0,1,0,1,0,1,0
345,24.0,0,0,13.0,0,1,0,0,1,1,0,0,1,0,0,1
346,40.0,0,0,13.0,1,0,0,0,1,1,0,0,1,0,0,1
347,26.689168488455994,1,0,16.1,1,0,0,0,1,1,0,0,0,1,0,1
348,3.0,1,1,15.9,1,0,0,0,1,0,1,0,0,1,0,1
349,42.0,0,0,8.6625,1,0,0,0,1,0,1,0,0,1,1,0
350,23.0,0,0,9.225,1,0,0,0,1,0,1,0,0,1,1,0
351,59.96916448412696,0,0,35.0,0,1,0,0,1,0,1,1,0,0,1,0
352,15.0,1,1,7.2292,1,0,1,0,0,0,1,0,0,1,1,0
353,25.0,1,0,17.8,1,0,0,0,1,0,1,0,0,1,1,0
354,29.51820514208015,0,0,7.225,1,0,1,0,0,0,1,0,0,1,1,0
355,28.0,0,0,9.5,1,0,0,0,1,0,1,0,0,1,1,0
356,22.0,0,1,55.0,0,1,0,0,1,1,0,1,0,0,0,1
357,38.0,0,0,13.0,1,0,0,0,1,1,0,0,1,0,1,0
358,22.380113238826777,0,0,7.8792,1,0,0,1,0,1,0,0,0,1,0,1
359,22.380113238826777,0,0,7.8792,1,0,0,1,0,1,0,0,0,1,0,1
360,40.0,1,4,27.9,1,0,0,0,1,0,1,0,0,1,1,0
361,29.0,1,0,27.7208,1,0,1,0,0,0,1,0,1,0,1,0
362,45.0,0,1,14.4542,1,0,1,0,0,1,0,0,0,1,1,0
363,35.0,0,0,7.05,1,0,0,0,1,0,1,0,0,1,1,0
364,33.12898535353537,1,0,15.5,1,0,0,1,0,0,1,0,0,1,1,0
365,30.0,0,0,7.25,1,0,0,0,1,0,1,0,0,1,1,0
366,60.0,1,0,75.25,0,1,1,0,0,1,0,1,0,0,0,1
367,22.876306861888096,0,0,7.2292,1,0,1,0,0,1,0,0,0,1,0,1
368,35.295824299023515,0,0,7.75,1,0,0,1,0,1,0,0,0,1,0,1
369,24.0,0,0,69.3,0,1,1,0,0,1,0,1,0,0,0,1
370,25.0,1,0,55.4417,0,1,1,0,0,0,1,1,0,0,0,1
371,18.0,1,0,6.4958,1,0,0,0,1,0,1,0,0,1,1,0
372,19.0,0,0,8.05,1,0,0,0,1,0,1,0,0,1,1,0
373,22.0,0,0,135.6333,1,0,1,0,0,0,1,1,0,0,1,0
374,3.0,3,1,21.075,1,0,0,0,1,1,0,0,0,1,1,0
375,31.94479345238094,1,0,82.1708,1,0,1,0,0,1,0,1,0,0,0,1
376,22.0,0,0,7.25,1,0,0,0,1,1,0,0,0,1,0,1
377,27.0,0,2,211.5,0,1,1,0,0,0,1,1,0,0,1,0
378,20.0,0,0,4.0125,1,0,1,0,0,0,1,0,0,1,1,0
379,19.0,0,0,7.775,1,0,0,0,1,0,1,0,0,1,1,0
380,42.0,0,0,227.525,1,0,1,0,0,1,0,1,0,0,0,1
381,1.0,0,2,15.7417,1,0,1,0,0,1,0,0,0,1,0,1
382,32.0,0,0,7.925,1,0,0,0,1,0,1,0,0,1,1,0
383,35.0,1,0,52.0,1,0,0,0,1,1,0,1,0,0,0,1
384,27.947206162930836,0,0,7.8958,1,0,0,0,1,0,1,0,0,1,1,0
385,18.0,0,0,73.5,1,0,0,0,1,0,1,0,1,0,1,0
386,1.0,5,2,46.9,1,0,0,0,1,0,1,0,0,1,1,0
387,36.0,0,0,13.0,1,0,0,0,1,1,0,0,1,0,0,1
388,19.89558112671213,0,0,7.7292,1,0,0,1,0,0,1,0,0,1,1,0
389,17.0,0,0,12.0,1,0,1,0,0,1,0,0,1,0,0,1
390,36.0,1,2,120.0,0,1,0,0,1,0,1,1,0,0,0,1
391,21.0,0,0,7.7958,1,0,0,0,1,0,1,0,0,1,0,1
392,28.0,2,0,7.925,1,0,0,0,1,0,1,0,0,1,1,0
393,23.0,1,0,113.275,0,1,1,0,0,1,0,1,0,0,0,1
394,24.0,0,2,16.7,0,1,0,0,1,1,0,0,0,1,0,1
395,22.0,0,0,7.7958,1,0,0,0,1,0,1,0,0,1,1,0
396,31.0,0,0,7.8542,1,0,0,0,1,1,0,0,0,1,1,0
397,46.0,0,0,26.0,1,0,0,0,1,0,1,0,1,0,1,0
398,23.0,0,0,10.5,1,0,0,0,1,0,1,0,1,0,1,0
399,28.0,0,0,12.65,1,0,0,0,1,1,0,0,1,0,0,1
400,39.0,0,0,7.925,1,0,0,0,1,0,1,0,0,1,0,1
401,26.0,0,0,8.05,1,0,0,0,1,0,1,0,0,1,1,0
402,21.0,1,0,9.825,1,0,0,0,1,1,0,0,0,1,1,0
403,28.0,1,0,15.85,1,0,0,0,1,0,1,0,0,1,1,0
404,20.0,0,0,8.6625,1,0,0,0,1,1,0,0,0,1,1,0
405,34.0,1,0,21.0,1,0,0,0,1,0,1,0,1,0,1,0
406,51.0,0,0,7.75,1,0,0,0,1,0,1,0,0,1,1,0
407,3.0,1,1,18.75,1,0,0,0,1,0,1,0,1,0,0,1
408,21.0,0,0,7.775,1,0,0,0,1,0,1,0,0,1,1,0
409,7.309547041847048,3,1,25.4667,1,0,0,0,1,1,0,0,0,1,1,0
410,27.947206162930836,0,0,7.8958,1,0,0,0,1,0,1,0,0,1,1,0
411,20.681314880952385,0,0,6.8583,1,0,0,1,0,0,1,0,0,1,1,0
412,33.0,1,0,90.0,0,1,0,1,0,1,0,1,0,0,0,1
413,35.05181756856165,0,0,0.0,1,0,0,0,1,0,1,0,1,0,1,0
414,44.0,0,0,7.925,1,0,0,0,1,0,1,0,0,1,0,1
415,30.70572677927052,0,0,8.05,1,0,0,0,1,1,0,0,0,1,1,0
416,34.0,1,1,32.5,1,0,0,0,1,1,0,0,1,0,0,1
417,18.0,0,2,13.0,1,0,0,0,1,1,0,0,1,0,0,1
418,30.0,0,0,13.0,1,0,0,0,1,0,1,0,1,0,1,0
419,10.0,0,2,24.15,1,0,0,0,1,1,0,0,0,1,1,0
420,27.947206162930836,0,0,7.8958,1,0,1,0,0,0,1,0,0,1,1,0
421,21.0,0,0,7.7333,1,0,0,1,0,0,1,0,0,1,1,0
422,29.0,0,0,7.875,1,0,0,0,1,0,1,0,0,1,1,0
423,28.0,1,1,14.4,1,0,0,0,1,1,0,0,0,1,1,0
424,18.0,1,1,20.2125,1,0,0,0,1,0,1,0,0,1,1,0
425,29.78279612980004,0,0,7.25,1,0,0,0,1,0,1,0,0,1,1,0
426,28.0,1,0,26.0,1,0,0,0,1,1,0,0,1,0,0,1
427,19.0,0,0,26.0,1,0,0,0,1,1,0,0,1,0,0,1
428,35.295824299023515,0,0,7.75,1,0,0,1,0,0,1,0,0,1,1,0
429,32.0,0,0,8.05,0,1,0,0,1,0,1,0,0,1,0,1
430,28.0,0,0,26.55,0,1,0,0,1,0,1,1,0,0,0,1
431,26.689168488455994,1,0,16.1,1,0,0,0,1,1,0,0,0,1,0,1
432,42.0,1,0,26.0,1,0,0,0,1,1,0,0,1,0,0,1
433,17.0,0,0,7.125,1,0,0,0,1,0,1,0,0,1,1,0
434,50.0,1,0,55.9,0,1,0,0,1,0,1,1,0,0,1,0
435,14.0,1,2,120.0,0,1,0,0,1,1,0,1,0,0,0,1
436,21.0,2,2,34.375,1,0,0,0,1,1,0,0,0,1,1,0
437,24.0,2,3,18.75,1,0,0,0,1,1,0,0,1,0,0,1
438,64.0,1,4,263.0,0,1,0,0,1,0,1,1,0,0,1,0
439,31.0,0,0,10.5,1,0,0,0,1,0,1,0,1,0,1,0
440,45.0,1,1,26.25,1,0,0,0,1,1,0,0,1,0,0,1
441,20.0,0,0,9.5,1,0,0,0,1,0,1,0,0,1,1,0
442,25.0,1,0,7.775,1,0,0,0,1,0,1,0,0,1,1,0
443,28.0,0,0,13.0,1,0,0,0,1,1,0,0,1,0,0,1
444,23.47643238964372,0,0,8.1125,1,0,0,0,1,0,1,0,0,1,0,1
445,4.0,0,2,81.8583,0,1,0,0,1,0,1,1,0,0,0,1
446,13.0,0,1,19.5,1,0,0,0,1,1,0,0,1,0,0,1
447,34.0,0,0,26.55,1,0,0,0,1,0,1,1,0,0,0,1
448,5.0,2,1,19.2583,1,0,1,0,0,1,0,0,0,1,0,1
449,52.0,0,0,30.5,0,1,0,0,1,0,1,1,0,0,0,1
450,36.0,1,2,27.75,1,0,0,0,1,0,1,0,1,0,1,0
451,24.10899880952382,1,0,19.9667,1,0,0,0,1,0,1,0,0,1,1,0
452,30.0,0,0,27.75,0,1,1,0,0,0,1,1,0,0,1,0
453,49.0,1,0,89.1042,0,1,1,0,0,0,1,1,0,0,0,1
454,30.70572677927052,0,0,8.05,1,0,0,0,1,0,1,0,0,1,1,0
455,29.0,0,0,7.8958,1,0,1,0,0,0,1,0,0,1,0,1
456,65.0,0,0,26.55,0,1,0,0,1,0,1,1,0,0,1,0
457,44.060018272005756,1,0,51.8625,0,1,0,0,1,1,0,1,0,0,0,1
458,50.0,0,0,10.5,1,0,0,0,1,1,0,0,1,0,0,1
459,35.295824299023515,0,0,7.75,1,0,0,1,0,0,1,0,0,1,1,0
460,48.0,0,0,26.55,0,1,0,0,1,0,1,1,0,0,0,1
461,34.0,0,0,8.05,1,0,0,0,1,0,1,0,0,1,1,0
462,47.0,0,0,38.5,0,1,0,0,1,0,1,1,0,0,1,0
463,48.0,0,0,13.0,1,0,0,0,1,0,1,0,1,0,1,0
464,30.70572677927052,0,0,8.05,1,0,0,0,1,0,1,0,0,1,1,0
465,38.0,0,0,7.05,1,0,0,0,1,0,1,0,0,1,1,0
466,35.05181756856165,0,0,0.0,1,0,0,0,1,0,1,0,1,0,1,0
467,56.0,0,0,26.55,1,0,0,0,1,0,1,1,0,0,1,0
468,19.89558112671213,0,0,7.725,1,0,0,1,0,0,1,0,0,1,1,0
469,0.75,2,1,19.2583,1,0,1,0,0,1,0,0,0,1,0,1
470,29.78279612980004,0,0,7.25,1,0,0,0,1,0,1,0,0,1,1,0
471,38.0,0,0,8.6625,1,0,0,0,1,0,1,0,0,1,1,0
472,33.0,1,2,27.75,1,0,0,0,1,1,0,0,1,0,0,1
473,23.0,0,0,13.7917,0,1,1,0,0,1,0,0,1,0,0,1
474,22.0,0,0,9.8375,1,0,0,0,1,1,0,0,0,1,1,0
475,44.65953055555558,0,0,52.0,0,1,0,0,1,0,1,1,0,0,1,0
476,34.0,1,0,21.0,1,0,0,0,1,0,1,0,1,0,1,0
477,29.0,1,0,7.0458,1,0,0,0,1,0,1,0,0,1,1,0
478,22.0,0,0,7.5208,1,0,0,0,1,0,1,0,0,1,1,0
479,2.0,0,1,12.2875,1,0,0,0,1,1,0,0,0,1,0,1
480,9.0,5,2,46.9,1,0,0,0,1,0,1,0,0,1,1,0
481,35.05181756856165,0,0,0.0,1,0,0,0,1,0,1,0,1,0,1,0
482,50.0,0,0,8.05,1,0,0,0,1,0,1,0,0,1,1,0
483,63.0,0,0,9.5875,1,0,0,0,1,1,0,0,0,1,0,1
484,25.0,1,0,91.0792,0,1,1,0,0,0,1,1,0,0,0,1
485,7.309547041847048,3,1,25.4667,1,0,0,0,1,1,0,0,0,1,1,0
486,35.0,1,0,90.0,0,1,0,0,1,1,0,1,0,0,0,1
487,58.0,0,0,29.7,0,1,1,0,0,0,1,1,0,0,1,0
488,30.0,0,0,8.05,1,0,0,0,1,0,1,0,0,1,1,0
489,9.0,1,1,15.9,1,0,0,0,1,0,1,0,0,1,0,1
490,24.10899880952382,1,0,19.9667,1,0,0,0,1,0,1,0,0,1,1,0
491,21.0,0,0,7.25,1,0,0,0,1,0,1,0,0,1,1,0
492,55.0,0,0,30.5,0,1,0,0,1,0,1,1,0,0,1,0
493,71.0,0,0,49.5042,1,0,1,0,0,0,1,1,0,0,1,0
494,21.0,0,0,8.05,1,0,0,0,1,0,1,0,0,1,1,0
495,18.19479484126986,0,0,14.4583,1,0,1,0,0,0,1,0,0,1,1,0
496,54.0,1,0,78.2667,0,1,1,0,0,1,0,1,0,0,0,1
497,25.75547529761905,0,0,15.1,1,0,0,0,1,0,1,0,0,1,1,0
498,25.0,1,2,151.55,0,1,0,0,1,1,0,1,0,0,1,0
499,24.0,0,0,7.7958,1,0,0,0,1,0,1,0,0,1,1,0
500,17.0,0,0,8.6625,1,0,0,0,1,0,1,0,0,1,1,0
501,21.0,0,0,7.75,1,0,0,1,0,1,0,0,0,1,1,0
502,26.820732810245318,0,0,7.6292,1,0,0,1,0,1,0,0,0,1,1,0
503,37.0,0,0,9.5875,1,0,0,0,1,1,0,0,0,1,1,0
504,16.0,0,0,86.5,0,1,0,0,1,1,0,1,0,0,0,1
505,18.0,1,0,108.9,0,1,1,0,0,0,1,1,0,0,1,0
506,33.0,0,2,26.0,1,0,0,0,1,1,0,0,1,0,0,1
507,49.8994093015281,0,0,26.55,1,0,0,0,1,0,1,1,0,0,0,1
508,28.0,0,0,22.525,1,0,0,0,1,0,1,0,0,1,1,0
509,26.0,0,0,56.4958,1,0,0,0,1,0,1,0,0,1,0,1
510,29.0,0,0,7.75,1,0,0,1,0,0,1,0,0,1,0,1
511,30.70572677927052,0,0,8.05,1,0,0,0,1,0,1,0,0,1,1,0
512,36.0,0,0,26.2875,0,1,0,0,1,0,1,1,0,0,0,1
513,54.0,1,0,59.4,1,0,1,0,0,1,0,1,0,0,0,1
514,24.0,0,0,7.4958,1,0,0,0,1,0,1,0,0,1,1,0
515,47.0,0,0,34.0208,0,1,0,0,1,0,1,1,0,0,1,0
516,34.0,0,0,10.5,0,1,0,0,1,1,0,0,1,0,0,1
517,34.17374861111111,0,0,24.15,1,0,0,1,0,0,1,0,0,1,1,0
518,36.0,1,0,26.0,1,0,0,0,1,1,0,0,1,0,0,1
519,32.0,0,0,7.8958,1,0,0,0,1,0,1,0,0,1,1,0
520,30.0,0,0,93.5,0,1,0,0,1,1,0,1,0,0,0,1
521,22.0,0,0,7.8958,1,0,0,0,1,0,1,0,0,1,1,0
522,29.51820514208015,0,0,7.225,1,0,1,0,0,0,1,0,0,1,1,0
523,44.0,0,1,57.9792,0,1,1,0,0,1,0,1,0,0,0,1
524,22.876306861888096,0,0,7.2292,1,0,1,0,0,0,1,0,0,1,1,0
525,40.5,0,0,7.75,1,0,0,1,0,0,1,0,0,1,1,0
526,50.0,0,0,10.5,1,0,0,0,1,1,0,0,1,0,0,1
527,38.51549999999996,0,0,221.7792,0,1,0,0,1,0,1,1,0,0,1,0
528,39.0,0,0,7.925,1,0,0,0,1,0,1,0,0,1,1,0
529,23.0,2,1,11.5,1,0,0,0,1,0,1,0,1,0,1,0
530,2.0,1,1,26.0,1,0,0,0,1,1,0,0,1,0,0,1
531,22.876306861888096,0,0,7.2292,1,0,1,0,0,0,1,0,0,1,1,0
532,17.0,1,1,7.2292,1,0,1,0,0,0,1,0,0,1,1,0
533,8.013702976190478,0,2,22.3583,1,0,1,0,0,1,0,0,0,1,0,1
534,30.0,0,0,8.6625,1,0,0,0,1,1,0,0,0,1,1,0
535,7.0,0,2,26.25,1,0,0,0,1,1,0,0,1,0,0,1
536,45.0,0,0,26.55,0,1,0,0,1,0,1,1,0,0,1,0
537,30.0,0,0,106.425,1,0,1,0,0,1,0,1,0,0,0,1
538,24.330216964285718,0,0,14.5,1,0,0,0,1,0,1,0,0,1,1,0
539,22.0,0,2,49.5,0,1,1,0,0,1,0,1,0,0,0,1
540,36.0,0,2,71.0,0,1,0,0,1,1,0,1,0,0,0,1
541,9.0,4,2,31.275,1,0,0,0,1,1,0,0,0,1,1,0
542,11.0,4,2,31.275,1,0,0,0,1,1,0,0,0,1,1,0
543,32.0,1,0,26.0,1,0,0,0,1,0,1,0,1,0,0,1
544,50.0,1,0,106.425,0,1,1,0,0,0,1,1,0,0,1,0
545,64.0,0,0,26.0,1,0,0,0,1,0,1,1,0,0,1,0
546,19.0,1,0,26.0,1,0,0,0,1,1,0,0,1,0,0,1
547,32.795024282661785,0,0,13.8625,1,0,1,0,0,0,1,0,1,0,0,1
548,33.0,1,1,20.525,1,0,0,0,1,0,1,0,0,1,1,0
549,8.0,1,1,36.75,1,0,0,0,1,0,1,0,1,0,0,1
550,17.0,0,2,110.8833,0,1,1,0,0,0,1,1,0,0,0,1
551,27.0,0,0,26.0,1,0,0,0,1,0,1,0,1,0,1,0
552,26.381424902342278,0,0,7.8292,1,0,0,1,0,0,1,0,0,1,1,0
553,22.0,0,0,7.225,1,0,1,0,0,0,1,0,0,1,0,1
554,22.0,0,0,7.775,1,0,0,0,1,1,0,0,0,1,0,1
555,62.0,0,0,26.55,1,0,0,0,1,0,1,1,0,0,1,0
556,48.0,1,0,39.6,0,1,1,0,0,1,0,1,0,0,0,1
557,38.51549999999996,0,0,227.525,1,0,1,0,0,0,1,1,0,0,1,0
558,39.0,1,1,79.65,0,1,0,0,1,1,0,1,0,0,0,1
559,36.0,1,0,17.4,1,0,0,0,1,1,0,0,0,1,0,1
560,35.295824299023515,0,0,7.75,1,0,0,1,0,0,1,0,0,1,1,0
561,40.0,0,0,7.8958,1,0,0,0,1,0,1,0,0,1,1,0
562,28.0,0,0,13.5,1,0,0,0,1,0,1,0,1,0,1,0
563,30.70572677927052,0,0,8.05,1,0,0,0,1,0,1,0,0,1,1,0
564,30.70572677927052,0,0,8.05,1,0,0,0,1,1,0,0,0,1,1,0
565,24.0,2,0,24.15,1,0,0,0,1,0,1,0,0,1,1,0
566,19.0,0,0,7.8958,1,0,0,0,1,0,1,0,0,1,1,0
567,29.0,0,4,21.075,1,0,0,0,1,1,0,0,0,1,1,0
568,22.876306861888096,0,0,7.2292,1,0,1,0,0,0,1,0,0,1,1,0
569,32.0,0,0,7.8542,1,0,0,0,1,0,1,0,0,1,0,1
570,62.0,0,0,10.5,1,0,0,0,1,0,1,0,1,0,0,1
571,53.0,2,0,51.4792,0,1,0,0,1,1,0,1,0,0,0,1
572,36.0,0,0,26.3875,0,1,0,0,1,0,1,1,0,0,0,1
573,35.295824299023515,0,0,7.75,1,0,0,1,0,1,0,0,0,1,0,1
574,16.0,0,0,8.05,1,0,0,0,1,0,1,0,0,1,1,0
575,19.0,0,0,14.5,1,0,0,0,1,0,1,0,0,1,1,0
576,34.0,0,0,13.0,1,0,0,0,1,1,0,0,1,0,0,1
577,39.0,1,0,55.9,0,1,0,0,1,1,0,1,0,0,0,1
578,20.070167730880257,1,0,14.4583,1,0,1,0,0,1,0,0,0,1,1,0
579,32.0,0,0,7.925,1,0,0,0,1,0,1,0,0,1,0,1
580,25.0,1,1,30.0,1,0,0,0,1,1,0,0,1,0,0,1
581,39.0,1,1,110.8833,0,1,1,0,0,1,0,1,0,0,0,1
582,54.0,0,0,26.0,1,0,0,0,1,0,1,0,1,0,1,0
583,36.0,0,0,40.125,0,1,1,0,0,0,1,1,0,0,1,0
584,29.042938654807116,0,0,8.7125,1,0,1,0,0,0,1,0,0,1,1,0
585,18.0,0,2,79.65,0,1,0,0,1,1,0,1,0,0,0,1
586,47.0,0,0,15.0,1,0,0,0,1,0,1,0,1,0,1,0
587,60.0,1,1,79.2,0,1,1,0,0,0,1,1,0,0,0,1
588,22.0,0,0,8.05,1,0,0,0,1,0,1,0,0,1,1,0
589,30.70572677927052,0,0,8.05,1,0,0,0,1,0,1,0,0,1,1,0
590,35.0,0,0,7.125,1,0,0,0,1,0,1,0,0,1,1,0
591,52.0,1,0,78.2667,0,1,1,0,0,1,0,1,0,0,0,1
592,47.0,0,0,7.25,1,0,0,0,1,0,1,0,0,1,1,0
593,27.45639428387072,0,2,7.75,1,0,0,1,0,1,0,0,0,1,1,0
594,37.0,1,0,26.0,1,0,0,0,1,0,1,0,1,0,1,0
595,36.0,1,1,24.15,1,0,0,0,1,0,1,0,0,1,1,0
596,24.40235513791767,0,0,33.0,1,0,0,0,1,1,0,0,1,0,0,1
597,49.0,0,0,0.0,1,0,0,0,1,0,1,0,0,1,1,0
598,29.51820514208015,0,0,7.225,1,0,1,0,0,0,1,0,0,1,1,0
599,49.0,1,0,56.9292,0,1,1,0,0,0,1,1,0,0,0,1
600,24.0,2,1,27.0,1,0,0,0,1,1,0,0,1,0,0,1
601,27.947206162930836,0,0,7.8958,1,0,0,0,1,0,1,0,0,1,1,0
602,37.51615833333333,0,0,42.4,1,0,0,0,1,0,1,1,0,0,1,0
603,44.0,0,0,8.05,1,0,0,0,1,0,1,0,0,1,1,0
604,35.0,0,0,26.55,1,0,1,0,0,0,1,1,0,0,0,1
605,36.0,1,0,15.55,1,0,0,0,1,0,1,0,0,1,1,0
606,30.0,0,0,7.8958,1,0,0,0,1,0,1,0,0,1,1,0
607,27.0,0,0,30.5,1,0,0,0,1,0,1,1,0,0,0,1
608,22.0,1,2,41.5792,1,0,1,0,0,1,0,0,1,0,0,1
609,40.0,0,0,153.4625,0,1,0,0,1,1,0,1,0,0,0,1
610,39.0,1,5,31.275,1,0,0,0,1,1,0,0,0,1,1,0
611,27.868736986624462,0,0,7.05,1,0,0,0,1,0,1,0,0,1,1,0
612,33.12898535353537,1,0,15.5,1,0,0,1,0,1,0,0,0,1,0,1
613,35.295824299023515,0,0,7.75,1,0,0,1,0,0,1,0,0,1,1,0
614,35.0,0,0,8.05,1,0,0,0,1,0,1,0,0,1,1,0
615,24.0,1,2,65.0,1,0,0,0,1,1,0,0,1,0,0,1
616,34.0,1,1,14.4,1,0,0,0,1,0,1,0,0,1,1,0
617,26.0,1,0,16.1,1,0,0,0,1,1,0,0,0,1,1,0
618,4.0,2,1,39.0,0,1,0,0,1,1,0,0,1,0,0,1
619,26.0,0,0,10.5,1,0,0,0,1,0,1,0,1,0,1,0
620,27.0,1,0,14.4542,1,0,1,0,0,0,1,0,0,1,1,0
621,42.0,1,0,52.5542,0,1,0,0,1,0,1,1,0,0,0,1
622,20.0,1,1,15.7417,1,0,1,0,0,0,1,0,0,1,0,1
623,21.0,0,0,7.8542,1,0,0,0,1,0,1,0,0,1,1,0
624,21.0,0,0,16.1,1,0,0,0,1,0,1,0,0,1,1,0
625,61.0,0,0,32.3208,0,1,0,0,1,0,1,1,0,0,1,0
626,57.0,0,0,12.35,1,0,0,1,0,0,1,0,1,0,1,0
627,21.0,0,0,77.9583,0,1,0,0,1,1,0,1,0,0,0,1
628,26.0,0,0,7.8958,1,0,0,0,1,0,1,0,0,1,1,0
629,19.89558112671213,0,0,7.7333,1,0,0,1,0,0,1,0,0,1,1,0
630,80.0,0,0,30.0,0,1,0,0,1,0,1,1,0,0,0,1
631,51.0,0,0,7.0542,1,0,0,0,1,0,1,0,0,1,1,0
632,32.0,0,0,30.5,0,1,1,0,0,0,1,1,0,0,0,1
633,38.83477483766232,0,0,0.0,1,0,0,0,1,0,1,1,0,0,1,0
634,9.0,3,2,27.9,1,0,0,0,1,1,0,0,0,1,1,0
635,28.0,0,0,13.0,1,0,0,0,1,1,0,0,1,0,0,1
636,32.0,0,0,7.925,1,0,0,0,1,0,1,0,0,1,1,0
637,31.0,1,1,26.25,1,0,0,0,1,0,1,0,1,0,1,0
638,41.0,0,5,39.6875,1,0,0,0,1,1,0,0,0,1,1,0
639,26.689168488455994,1,0,16.1,1,0,0,0,1,0,1,0,0,1,1,0
640,20.0,0,0,7.8542,1,0,0,0,1,0,1,0,0,1,1,0
641,24.0,0,0,69.3,0,1,1,0,0,1,0,1,0,0,0,1
642,2.0,3,2,27.9,1,0,0,0,1,1,0,0,0,1,1,0
643,29.56889808802305,0,0,56.4958,1,0,0,0,1,0,1,0,0,1,0,1
644,0.75,2,1,19.2583,1,0,1,0,0,1,0,0,0,1,0,1
645,48.0,1,0,76.7292,0,1,1,0,0,0,1,1,0,0,0,1
646,19.0,0,0,7.8958,1,0,0,0,1,0,1,0,0,1,1,0
647,56.0,0,0,35.5,0,1,1,0,0,0,1,1,0,0,0,1
648,31.10838452380953,0,0,7.55,1,0,0,0,1,0,1,0,0,1,1,0
649,23.0,0,0,7.55,1,0,0,0,1,1,0,0,0,1,0,1
650,27.947206162930836,0,0,7.8958,1,0,0,0,1,0,1,0,0,1,1,0
651,18.0,0,1,23.0,1,0,0,0,1,1,0,0,1,0,0,1
652,21.0,0,0,8.4333,1,0,0,0,1,0,1,0,0,1,1,0
653,26.381424902342278,0,0,7.8292,1,0,0,1,0,1,0,0,0,1,0,1
654,18.0,0,0,6.75,1,0,0,1,0,1,0,0,0,1,1,0
655,24.0,2,0,73.5,1,0,0,0,1,0,1,0,1,0,1,0
656,27.947206162930836,0,0,7.8958,1,0,0,0,1,0,1,0,0,1,1,0
657,32.0,1,1,15.5,1,0,0,1,0,1,0,0,0,1,1,0
658,23.0,0,0,13.0,1,0,0,0,1,0,1,0,1,0,1,0
659,58.0,0,2,113.275,0,1,1,0,0,0,1,1,0,0,1,0
660,50.0,2,0,133.65,1,0,0,0,1,0,1,1,0,0,0,1
661,40.0,0,0,7.225,1,0,1,0,0,0,1,0,0,1,1,0
662,47.0,0,0,25.5875,0,1,0,0,1,0,1,1,0,0,1,0
663,36.0,0,0,7.4958,1,0,0,0,1,0,1,0,0,1,1,0
664,20.0,1,0,7.925,1,0,0,0,1,0,1,0,0,1,0,1
665,32.0,2,0,73.5,1,0,0,0,1,0,1,0,1,0,1,0
666,25.0,0,0,13.0,1,0,0,0,1,0,1,0,1,0,1,0
667,27.51545426285116,0,0,7.775,1,0,0,0,1,0,1,0,0,1,1,0
668,43.0,0,0,8.05,1,0,0,0,1,0,1,0,0,1,1,0
669,39.08817813852811,1,0,52.0,0,1,0,0,1,1,0,1,0,0,0,1
670,40.0,1,1,39.0,1,0,0,0,1,1,0,0,1,0,0,1
671,31.0,1,0,52.0,0,1,0,0,1,0,1,1,0,0,1,0
672,70.0,0,0,10.5,1,0,0,0,1,0,1,0,1,0,1,0
673,31.0,0,0,13.0,1,0,0,0,1,0,1,0,1,0,0,1
674,35.05181756856165,0,0,0.0,1,0,0,0,1,0,1,0,1,0,1,0
675,18.0,0,0,7.775,1,0,0,0,1,0,1,0,0,1,1,0
676,24.5,0,0,8.05,1,0,0,0,1,0,1,0,0,1,1,0
677,18.0,0,0,9.8417,1,0,0,0,1,1,0,0,0,1,0,1
678,43.0,1,6,46.9,1,0,0,0,1,1,0,0,0,1,1,0
679,36.0,0,1,512.3292,0,1,1,0,0,0,1,1,0,0,0,1
680,23.47643238964372,0,0,8.1375,1,0,0,1,0,1,0,0,0,1,1,0
681,27.0,0,0,76.7292,0,1,1,0,0,0,1,1,0,0,0,1
682,20.0,0,0,9.225,1,0,0,0,1,0,1,0,0,1,1,0
683,14.0,5,2,46.9,1,0,0,0,1,0,1,0,0,1,1,0
684,60.0,1,1,39.0,1,0,0,0,1,0,1,0,1,0,1,0
685,25.0,1,2,41.5792,1,0,1,0,0,0,1,0,1,0,1,0
686,14.0,4,1,39.6875,1,0,0,0,1,0,1,0,0,1,1,0
687,19.0,0,0,10.1708,1,0,0,0,1,0,1,0,0,1,1,0
688,18.0,0,0,7.7958,1,0,0,0,1,0,1,0,0,1,1,0
689,15.0,0,1,211.3375,0,1,0,0,1,1,0,1,0,0,0,1
690,31.0,1,0,57.0,0,1,0,0,1,0,1,1,0,0,0,1
691,4.0,0,1,13.4167,1,0,1,0,0,1,0,0,0,1,0,1
692,29.56889808802305,0,0,56.4958,1,0,0,0,1,0,1,0,0,1,0,1
693,25.0,0,0,7.225,1,0,1,0,0,0,1,0,0,1,1,0
694,60.0,0,0,26.55,1,0,0,0,1,0,1,1,0,0,1,0
695,52.0,0,0,13.5,1,0,0,0,1,0,1,0,1,0,1,0
696,44.0,0,0,8.05,1,0,0,0,1,0,1,0,0,1,1,0
697,19.89558112671213,0,0,7.7333,1,0,0,1,0,1,0,0,0,1,0,1
698,49.0,1,1,110.8833,0,1,1,0,0,0,1,1,0,0,1,0
699,42.0,0,0,7.65,0,1,0,0,1,0,1,0,0,1,1,0
700,18.0,1,0,227.525,0,1,1,0,0,1,0,1,0,0,0,1
701,35.0,0,0,26.2875,0,1,0,0,1,0,1,1,0,0,0,1
702,18.0,0,1,14.4542,1,0,1,0,0,1,0,0,0,1,1,0
703,25.0,0,0,7.7417,1,0,0,1,0,0,1,0,0,1,1,0
704,26.0,1,0,7.8542,1,0,0,0,1,0,1,0,0,1,1,0
705,39.0,0,0,26.0,1,0,0,0,1,0,1,0,1,0,1,0
706,45.0,0,0,13.5,1,0,0,0,1,1,0,0,1,0,0,1
707,42.0,0,0,26.2875,0,1,0,0,1,0,1,1,0,0,0,1
708,22.0,0,0,151.55,1,0,0,0,1,1,0,1,0,0,0,1
709,17.099915952380954,1,1,15.2458,1,0,1,0,0,0,1,0,0,1,0,1
710,24.0,0,0,49.5042,0,1,1,0,0,1,0,1,0,0,0,1
711,49.8994093015281,0,0,26.55,0,1,0,0,1,0,1,1,0,0,1,0
712,48.0,1,0,52.0,0,1,0,0,1,0,1,1,0,0,0,1
713,29.0,0,0,9.4833,1,0,0,0,1,0,1,0,0,1,1,0
714,52.0,0,0,13.0,1,0,0,0,1,0,1,0,1,0,1,0
715,19.0,0,0,7.65,0,1,0,0,1,0,1,0,0,1,1,0
716,38.0,0,0,227.525,0,1,1,0,0,1,0,1,0,0,0,1
717,27.0,0,0,10.5,0,1,0,0,1,1,0,0,1,0,0,1
718,27.308873908730178,0,0,15.5,1,0,0,1,0,0,1,0,0,1,1,0
719,33.0,0,0,7.775,1,0,0,0,1,0,1,0,0,1,1,0
720,6.0,0,1,33.0,1,0,0,0,1,1,0,0,1,0,0,1
721,17.0,1,0,7.0542,1,0,0,0,1,0,1,0,0,1,1,0
722,34.0,0,0,13.0,1,0,0,0,1,0,1,0,1,0,1,0
723,50.0,0,0,13.0,1,0,0,0,1,0,1,0,1,0,1,0
724,27.0,1,0,53.1,0,1,0,0,1,0,1,1,0,0,0,1
725,20.0,0,0,8.6625,1,0,0,0,1,0,1,0,0,1,1,0
726,30.0,3,0,21.0,1,0,0,0,1,1,0,0,1,0,0,1
727,19.89558112671213,0,0,7.7375,1,0,0,1,0,1,0,0,0,1,0,1
728,25.0,1,0,26.0,1,0,0,0,1,0,1,0,1,0,1,0
729,25.0,1,0,7.925,1,0,0,0,1,1,0,0,0,1,1,0
730,29.0,0,0,211.3375,0,1,0,0,1,1,0,1,0,0,0,1
731,11.0,0,0,18.7875,1,0,1,0,0,0,1,0,0,1,1,0
732,35.05181756856165,0,0,0.0,1,0,0,0,1,0,1,0,1,0,1,0
733,23.0,0,0,13.0,1,0,0,0,1,0,1,0,1,0,1,0
734,23.0,0,0,13.0,1,0,0,0,1,0,1,0,1,0,1,0
735,28.5,0,0,16.1,1,0,0,0,1,0,1,0,0,1,1,0
736,48.0,1,3,34.375,1,0,0,0,1,1,0,0,0,1,1,0
737,35.0,0,0,512.3292,0,1,1,0,0,0,1,1,0,0,0,1
738,27.947206162930836,0,0,7.8958,1,0,0,0,1,0,1,0,0,1,1,0
739,27.947206162930836,0,0,7.8958,1,0,0,0,1,0,1,0,0,1,1,0
740,38.42663175019419,0,0,30.0,0,1,0,0,1,0,1,1,0,0,0,1
741,36.0,1,0,78.85,0,1,0,0,1,0,1,1,0,0,1,0
742,21.0,2,2,262.375,0,1,1,0,0,1,0,1,0,0,0,1
743,24.0,1,0,16.1,1,0,0,0,1,0,1,0,0,1,1,0
744,31.0,0,0,7.925,1,0,0,0,1,0,1,0,0,1,0,1
745,70.0,1,1,71.0,0,1,0,0,1,0,1,1,0,0,1,0
746,16.0,1,1,20.25,1,0,0,0,1,0,1,0,0,1,1,0
747,30.0,0,0,13.0,1,0,0,0,1,1,0,0,1,0,0,1
748,19.0,1,0,53.1,0,1,0,0,1,0,1,1,0,0,1,0
749,31.0,0,0,7.75,1,0,0,1,0,0,1,0,0,1,1,0
750,4.0,1,1,23.0,1,0,0,0,1,1,0,0,1,0,0,1
751,6.0,0,1,12.475,0,1,0,0,1,0,1,0,0,1,0,1
752,33.0,0,0,9.5,1,0,0,0,1,0,1,0,0,1,1,0
753,23.0,0,0,7.8958,1,0,0,0,1,0,1,0,0,1,1,0
754,48.0,1,2,65.0,1,0,0,0,1,1,0,0,1,0,0,1
755,0.67,1,1,14.5,1,0,0,0,1,0,1,0,1,0,0,1
756,28.0,0,0,7.7958,1,0,0,0,1,0,1,0,0,1,1,0
757,18.0,0,0,11.5,1,0,0,0,1,0,1,0,1,0,1,0
758,34.0,0,0,8.05,1,0,0,0,1,0,1,0,0,1,1,0
759,33.0,0,0,86.5,0,1,0,0,1,1,0,1,0,0,0,1
760,24.330216964285718,0,0,14.5,1,0,0,0,1,0,1,0,0,1,1,0
761,41.0,0,0,7.125,1,0,0,0,1,0,1,0,0,1,1,0
762,20.0,0,0,7.2292,1,0,1,0,0,0,1,0,0,1,0,1
763,36.0,1,2,120.0,0,1,0,0,1,1,0,1,0,0,0,1
764,16.0,0,0,7.775,1,0,0,0,1,0,1,0,0,1,1,0
765,51.0,1,0,77.9583,0,1,0,0,1,1,0,1,0,0,0,1
766,39.1749023809524,0,0,39.6,1,0,1,0,0,0,1,1,0,0,1,0
767,30.5,0,0,7.75,1,0,0,1,0,1,0,0,0,1,1,0
768,33.55117590897664,1,0,24.15,1,0,0,1,0,0,1,0,0,1,1,0
769,32.0,0,0,8.3625,1,0,0,0,1,0,1,0,0,1,1,0
770,24.0,0,0,9.5,1,0,0,0,1,0,1,0,0,1,1,0
771,48.0,0,0,7.8542,1,0,0,0,1,0,1,0,0,1,1,0
772,57.0,0,0,10.5,0,1,0,0,1,1,0,0,1,0,1,0
773,29.51820514208015,0,0,7.225,1,0,1,0,0,0,1,0,0,1,1,0
774,54.0,1,3,23.0,1,0,0,0,1,1,0,0,1,0,0,1
775,18.0,0,0,7.75,1,0,0,0,1,0,1,0,0,1,1,0
776,35.295824299023515,0,0,7.75,0,1,0,1,0,0,1,0,0,1,1,0
777,5.0,0,0,12.475,1,0,0,0,1,1,0,0,0,1,0,1
778,19.89558112671213,0,0,7.7375,1,0,0,1,0,0,1,0,0,1,1,0
779,43.0,0,1,211.3375,0,1,0,0,1,1,0,1,0,0,0,1
780,13.0,0,0,7.2292,1,0,1,0,0,1,0,0,0,1,0,1
781,17.0,1,0,57.0,0,1,0,0,1,1,0,1,0,0,0,1
782,29.0,0,0,30.0,0,1,0,0,1,0,1,1,0,0,1,0
783,16.193950198412704,1,2,23.45,1,0,0,0,1,0,1,0,0,1,1,0
784,25.0,0,0,7.05,1,0,0,0,1,0,1,0,0,1,1,0
785,25.0,0,0,7.25,1,0,0,0,1,0,1,0,0,1,1,0
786,18.0,0,0,7.4958,1,0,0,0,1,1,0,0,0,1,0,1
787,8.0,4,1,29.125,1,0,0,1,0,0,1,0,0,1,1,0
788,1.0,1,2,20.575,1,0,0,0,1,0,1,0,0,1,0,1
789,46.0,0,0,79.2,0,1,1,0,0,0,1,1,0,0,1,0
790,35.295824299023515,0,0,7.75,1,0,0,1,0,0,1,0,0,1,1,0
791,16.0,0,0,26.0,1,0,0,0,1,0,1,0,1,0,1,0
792,10.869866956654464,8,2,69.55,1,0,0,0,1,1,0,0,0,1,1,0
793,50.38328427128426,0,0,30.6958,1,0,1,0,0,0,1,1,0,0,1,0
794,25.0,0,0,7.8958,1,0,0,0,1,0,1,0,0,1,1,0
795,39.0,0,0,13.0,1,0,0,0,1,0,1,0,1,0,1,0
796,49.0,0,0,25.9292,0,1,0,0,1,1,0,1,0,0,0,1
797,31.0,0,0,8.6833,1,0,0,0,1,1,0,0,0,1,0,1
798,30.0,0,0,7.2292,1,0,1,0,0,0,1,0,0,1,1,0
799,30.0,1,1,24.15,1,0,0,0,1,1,0,0,0,1,1,0
800,34.0,0,0,13.0,1,0,0,0,1,0,1,0,1,0,1,0
801,31.0,1,1,26.25,1,0,0,0,1,1,0,0,1,0,0,1
802,11.0,1,2,120.0,0,1,0,0,1,0,1,1,0,0,0,1
803,0.42,0,1,8.5167,1,0,1,0,0,0,1,0,0,1,0,1
804,27.0,0,0,6.975,1,0,0,0,1,0,1,0,0,1,0,1
805,31.0,0,0,7.775,1,0,0,0,1,0,1,0,0,1,1,0
806,39.0,0,0,0.0,0,1,0,0,1,0,1,1,0,0,1,0
807,18.0,0,0,7.775,1,0,0,0,1,1,0,0,0,1,1,0
808,39.0,0,0,13.0,1,0,0,0,1,0,1,0,1,0,1,0
809,33.0,1,0,53.1,0,1,0,0,1,1,0,1,0,0,0,1
810,26.0,0,0,7.8875,1,0,0,0,1,0,1,0,0,1,1,0
811,39.0,0,0,24.15,1,0,0,0,1,0,1,0,0,1,1,0
812,35.0,0,0,10.5,1,0,0,0,1,0,1,0,1,0,1,0
813,6.0,4,2,31.275,1,0,0,0,1,1,0,0,0,1,1,0
814,30.5,0,0,8.05,1,0,0,0,1,0,1,0,0,1,1,0
815,38.83477483766232,0,0,0.0,0,1,0,0,1,0,1,1,0,0,1,0
816,23.0,0,0,7.925,1,0,0,0,1,1,0,0,0,1,1,0
817,31.0,1,1,37.0042,1,0,1,0,0,0,1,0,1,0,1,0
818,43.0,0,0,6.45,1,0,0,0,1,0,1,0,0,1,1,0
819,10.0,3,2,27.9,1,0,0,0,1,0,1,0,0,1,1,0
820,52.0,1,1,93.5,0,1,0,0,1,1,0,1,0,0,0,1
821,27.0,0,0,8.6625,1,0,0,0,1,0,1,0,0,1,0,1
822,38.0,0,0,0.0,1,0,0,0,1,0,1,1,0,0,1,0
823,27.0,0,1,12.475,0,1,0,0,1,1,0,0,0,1,0,1
824,2.0,4,1,39.6875,1,0,0,0,1,0,1,0,0,1,1,0
825,35.09787898074147,0,0,6.95,1,0,0,1,0,0,1,0,0,1,1,0
826,29.56889808802305,0,0,56.4958,1,0,0,0,1,0,1,0,0,1,1,0
827,1.0,0,2,37.0042,1,0,1,0,0,0,1,0,1,0,0,1
828,35.295824299023515,0,0,7.75,1,0,0,1,0,0,1,0,0,1,0,1
830,15.0,1,0,14.4542,1,0,1,0,0,1,0,0,0,1,0,1
831,0.83,1,1,18.75,1,0,0,0,1,0,1,0,1,0,0,1
832,22.876306861888096,0,0,7.2292,1,0,1,0,0,0,1,0,0,1,1,0
833,23.0,0,0,7.8542,1,0,0,0,1,0,1,0,0,1,1,0
834,18.0,0,0,8.3,1,0,0,0,1,0,1,0,0,1,1,0
835,39.0,1,1,83.1583,0,1,1,0,0,1,0,1,0,0,0,1
836,21.0,0,0,8.6625,1,0,0,0,1,0,1,0,0,1,1,0
837,30.70572677927052,0,0,8.05,1,0,0,0,1,0,1,0,0,1,1,0
838,32.0,0,0,56.4958,1,0,0,0,1,0,1,0,0,1,0,1
839,50.910950126262655,0,0,29.7,0,1,1,0,0,0,1,1,0,0,0,1
840,20.0,0,0,7.925,1,0,0,0,1,0,1,0,0,1,1,0
841,16.0,0,0,10.5,1,0,0,0,1,0,1,0,1,0,1,0
842,30.0,0,0,31.0,1,0,1,0,0,1,0,1,0,0,0,1
843,34.5,0,0,6.4375,1,0,1,0,0,0,1,0,0,1,1,0
844,17.0,0,0,8.6625,1,0,0,0,1,0,1,0,0,1,1,0
845,42.0,0,0,7.55,1,0,0,0,1,0,1,0,0,1,1,0
846,10.869866956654464,8,2,69.55,1,0,0,0,1,0,1,0,0,1,1,0
847,35.0,0,0,7.8958,1,0,1,0,0,0,1,0,0,1,1,0
848,28.0,0,1,33.0,1,0,0,0,1,0,1,0,1,0,1,0
849,43.96476448412697,1,0,89.1042,0,1,1,0,0,1,0,1,0,0,0,1
850,4.0,4,2,31.275,1,0,0,0,1,0,1,0,0,1,1,0
851,74.0,0,0,7.775,1,0,0,0,1,0,1,0,0,1,1,0
852,9.0,1,1,15.2458,1,0,1,0,0,1,0,0,0,1,1,0
853,16.0,0,1,39.4,0,1,0,0,1,1,0,1,0,0,0,1
854,44.0,1,0,26.0,1,0,0,0,1,1,0,0,1,0,1,0
855,18.0,0,1,9.35,1,0,0,0,1,1,0,0,0,1,0,1
856,45.0,1,1,164.8667,1,0,0,0,1,1,0,1,0,0,0,1
857,51.0,0,0,26.55,0,1,0,0,1,0,1,1,0,0,0,1
858,24.0,0,3,19.2583,1,0,1,0,0,1,0,0,0,1,0,1
859,22.876306861888096,0,0,7.2292,1,0,1,0,0,0,1,0,0,1,1,0
860,41.0,2,0,14.1083,1,0,0,0,1,0,1,0,0,1,1,0
861,21.0,1,0,11.5,1,0,0,0,1,0,1,0,1,0,1,0
862,48.0,0,0,25.9292,0,1,0,0,1,1,0,1,0,0,0,1
863,10.869866956654464,8,2,69.55,1,0,0,0,1,1,0,0,0,1,1,0
864,24.0,0,0,13.0,1,0,0,0,1,0,1,0,1,0,1,0
865,42.0,0,0,13.0,1,0,0,0,1,1,0,0,1,0,0,1
866,27.0,1,0,13.8583,1,0,1,0,0,1,0,0,1,0,0,1
867,31.0,0,0,50.4958,0,1,0,0,1,0,1,1,0,0,1,0
868,25.977889156023696,0,0,9.5,1,0,0,0,1,0,1,0,0,1,1,0
869,4.0,1,1,11.1333,1,0,0,0,1,0,1,0,0,1,0,1
870,26.0,0,0,7.8958,1,0,0,0,1,0,1,0,0,1,1,0
871,47.0,1,1,52.5542,0,1,0,0,1,1,0,1,0,0,0,1
872,33.0,0,0,5.0,0,1,0,0,1,0,1,1,0,0,1,0
873,47.0,0,0,9.0,1,0,0,0,1,0,1,0,0,1,1,0
874,28.0,1,0,24.0,1,0,1,0,0,1,0,0,1,0,0,1
875,15.0,0,0,7.225,1,0,1,0,0,1,0,0,0,1,0,1
876,20.0,0,0,9.8458,1,0,0,0,1,0,1,0,0,1,1,0
877,19.0,0,0,7.8958,1,0,0,0,1,0,1,0,0,1,1,0
878,27.947206162930836,0,0,7.8958,1,0,0,0,1,0,1,0,0,1,1,0
879,56.0,0,1,83.1583,0,1,1,0,0,1,0,1,0,0,0,1
880,25.0,0,1,26.0,1,0,0,0,1,1,0,0,1,0,0,1
881,33.0,0,0,7.8958,1,0,0,0,1,0,1,0,0,1,1,0
882,22.0,0,0,10.5167,1,0,0,0,1,1,0,0,0,1,1,0
883,28.0,0,0,10.5,1,0,0,0,1,0,1,0,1,0,1,0
884,25.0,0,0,7.05,1,0,0,0,1,0,1,0,0,1,1,0
885,39.0,0,5,29.125,1,0,0,1,0,1,0,0,0,1,1,0
886,27.0,0,0,13.0,1,0,0,0,1,0,1,0,1,0,1,0
887,19.0,0,0,30.0,0,1,0,0,1,1,0,1,0,0,0,1
888,16.193950198412704,1,2,23.45,1,0,0,0,1,1,0,0,0,1,1,0
889,26.0,0,0,30.0,0,1,1,0,0,0,1,1,0,0,0,1
890,32.0,0,0,7.75,1,0,0,1,0,0,1,0,0,1,1,0
